{
    "obstacles" : [
            {
            "name":"circle1",
            "params":[0,45.751373584906915,0,6.283185307],
            "center":[200.0, 489.5]
            },
            {
            "name":"circle2",
            "params":[0,54.751146764861105, 0,6.283185307],
            "center":[463.0, 875.5]
            },
            {
            "name":"sector",
            "params":[0,112.00781238321308, 2.6257835681132704,3.6728660674316074],
            "center":[776, 210]
            },
            {
            "name":"asector",
            "params":[47.83718524347152,109.86977539144914,2.5444159954971157,4.42545022745392],
            "center":[864.2687056253413, 670.5772801747679]
            }
    ]
}